{"Data.ByteString.concat": 7.341898889609533, "Data.Text.null": 9.880924095552627, "Data.Text.Encoding.decodeUtf8": 7.895375529064834, "Data.ByteString.Builder.word64LE": 9.880924095552627, "Data.Set.Internal.notMember": 9.880924095552627, "Data.ByteString.Char8.lines": 10.869378275144996, "Data.Text.toCaseFold": 10.869378275144996, "Data.Either.Right": 6.725615451962952, "Data.ByteString.Lazy.toChunks": 8.138755294662378, "Data.ByteString.Builder.Prim.primMapListFixed": 6.023403677033231, "Data.ByteString.Lazy.zip": 9.880924095552627, "Data.ByteString.breakSubstring": 8.793942198934502, "Data.ByteString.Lazy.pack": 8.430463431417317, "Data.ByteString.tail": 8.793942198934502, "Data.Maybe.fromJust": 10.869378275144996, "Data.ByteString.Lazy.null": 8.430463431417317, "Data.ByteString.index": 9.880924095552627, "Data.Text.unlines": 10.869378275144996, "('DUMMY')": 5.050085231436309, "Data.Time.Clock.POSIX.getPOSIXTime": 9.880924095552627, "Data.ByteString.hGet": 9.880924095552627, "Data.ByteString.Lazy.splitAt": 10.869378275144996, "Data.Bits.rotate": 6.294548485419444, "Data.ByteString.Char8.drop": 9.880924095552627, "Data.ByteString.Builder.word64BE": 10.869378275144996, "Data.ByteString.Lazy.take": 8.793942198934502, "Data.ByteString.Builder.char8": 10.869378275144996, "Data.Text.Encoding.encodeUtf8": 7.504131718758981, "Data.ByteString.Lazy.elem": 9.880924095552627, "Data.ByteString.Char8.unpack": 8.793942198934502, "Data.Bits.clearBit": 9.880924095552627, "Data.Text.Lazy.pack": 9.880924095552627, "Data.Bits.shift": 5.002840348664504, "Data.Text.Internal.Text": 1.7456926984793024, "Data.Text.Lazy.Encoding.decodeUtf8": 10.869378275144996, "Data.ByteString.Builder.int16BE": 9.880924095552627, "Data.ByteString.Lazy.length": 8.430463431417317, "Data.ByteString.Char8.split": 9.274670240660253, "Data.ByteString.Lazy.Char8.unlines": 9.880924095552627, "Data.ByteString.singleton": 9.274670240660253, "Data.ByteString.Char8.pack": 4.515805851731934, "Data.ByteString.length": 5.508857632191436, "Data.ByteString.Char8.singleton": 10.869378275144996, "Data.ByteString.split": 7.504131718758981, "Data.ByteString.unpack": 10.869378275144996, "Data.ByteString.Char8.head": 10.869378275144996, "Data.ByteString.Builder.toLazyByteString": 10.869378275144996, "Data.ByteString.empty": 7.504131718758981, "Data.ByteString.Lazy.Char8.lines": 10.869378275144996, "Data.ByteString.init": 8.430463431417317, "Data.Text.Array.MArray": 10.869378275144996, "Data.ByteString.Lazy.Char8.pack": 9.880924095552627, "Data.ByteString.hPut": 10.869378275144996, "Data.Text.Lazy.drop": 10.869378275144996, "Data.ByteString.Builder.int32BE": 9.880924095552627, "Data.ByteString.Char8.unlines": 9.274670240660253, "Cons": 3.508294008523384, "Data.Text.length": 9.274670240660253, "Data.Text.take": 8.793942198934502, "Data.ByteString.isSuffixOf": 9.274670240660253, "Data.Either.Left": 6.62852228461942, "Data.ByteString.null": 6.62852228461942, "Data.ByteString.append": 7.341898889609533, "Data.ByteString.packCStringLen": 9.880924095552627, "Data.ByteString.Char8.elem": 7.895375529064834, "Data.ByteString.Char8.elemIndex": 8.138755294662378, "Data.Bits.setBit": 8.138755294662378, "Data.Bits.shiftR": 6.152629119017073, "Data.Maybe.listToMaybe": 9.880924095552627, "Data.Bits.shiftL": 5.90478978491244, "Data.ByteString.hPutStr": 10.869378275144996, "Data.Text.Encoding.Error.lenientDecode": 9.274670240660253, "Data.ByteString.last": 10.869378275144996, "Data.ByteString.Lazy.unpack": 9.880924095552627, "Data.ByteString.reverse": 10.869378275144996, "Data.ByteString.Lazy.split": 9.274670240660253, "Data.ByteString.Builder.int64LE": 9.880924095552627, "Data.ByteString.Builder.int16LE": 9.880924095552627, "Pair": 5.345327144020946, "Data.ByteString.writeFile": 9.880924095552627, "Data.Text.Array.unsafeWrite": 9.880924095552627, "Data.Text.Lazy.toStrict": 9.880924095552627, "Data.ByteString.Lazy.hPutStr": 10.869378275144996, "Data.ByteString.Builder.word32LE": 9.880924095552627, "Data.Text.Lazy.fromStrict": 9.880924095552627, "Data.ByteString.uncons": 8.430463431417317, "Data.ByteString.Builder.stringUtf8": 9.880924095552627, "Data.Bits.complement": 10.869378275144996, "Data.Set.Internal.empty": 9.880924095552627, "Data.ByteString.Char8.last": 9.880924095552627, "Data.ByteString.Builder.word16BE": 10.869378275144996, "Data.Text.drop": 8.138755294662378, "Data.ByteString.Builder.int64BE": 9.880924095552627, "Data.ByteString.Lazy.isPrefixOf": 9.880924095552627, "Data.Maybe.isJust": 8.138755294662378, "Data.Bits.xor": 6.221848486535895, "Data.ByteString.Builder.charUtf8": 9.880924095552627, "Data.ByteString.replicate": 3.632542746313009, "Data.ByteString.Lazy.toStrict": 10.869378275144996, "Data.ByteString.Lazy.Char8.unpack": 10.869378275144996, "Data.Set.Internal.fromList": 6.725615451962952, "Data.Text.toLower": 9.880924095552627, "Data.Text.pack": 7.063324485207649, "Data.ByteString.Lazy.elemIndex": 9.880924095552627, "Data.Set.Internal.member": 9.880924095552627, "Data.ByteString.Lazy.readFile": 8.793942198934502, "Data.ByteString.splitAt": 7.686700983857775, "Data.ByteString.Builder.int8": 9.880924095552627, "Data.Bits.testBit": 7.341898889609533, "Data.ByteString.readFile": 8.793942198934502, "Data.Text.Lazy.unlines": 10.869378275144996, "Data.ByteString.Char8.readInteger": 9.880924095552627, "Data.ByteString.isPrefixOf": 10.869378275144996, "Data.ByteString.drop": 6.62852228461942, "Data.ByteString.Builder.Prim.char8": 9.274670240660253, "Data.ByteString.Builder.Prim.primFixed": 9.880924095552627, "Data.ByteString.Lazy.empty": 10.869378275144996, "Data.ByteString.Builder.word8": 8.793942198934502, "Data.ByteString.zip": 9.880924095552627, "Data.Text.Lazy.Encoding.encodeUtf8": 9.274670240660253, "Data.Text.Lazy.lines": 10.869378275144996, "Data.ByteString.Lazy.isSuffixOf": 9.880924095552627, "Data.ByteString.pack": 4.410930038475536, "Data.ByteString.Lazy.fromChunks": 8.138755294662378, "Data.Set.Internal.insert": 10.869378275144996, "Data.Maybe.fromMaybe": 10.869378275144996, "Data.ByteString.Builder.int32LE": 9.880924095552627, "Data.ByteString.Char8.readInt": 10.869378275144996, "Data.ByteString.take": 7.341898889609533, "Data.ByteString.Char8.elemIndexEnd": 10.869378275144996, "Data.ByteString.Builder.string8": 9.880924095552627, "Data.ByteString.isInfixOf": 9.880924095552627, "Data.ByteString.Lazy.hPut": 10.869378275144996, "Data.Bits.rotateR": 6.294548485419444, "Data.ByteString.Builder.word32BE": 10.869378275144996, "Data.Text.lines": 10.869378275144996, "Data.ByteString.Lazy.drop": 9.274670240660253, "Data.ByteString.Lazy.tail": 10.869378275144996, "Data.Text.Lazy.take": 10.869378275144996, "Data.ByteString.Lazy.Char8.words": 9.880924095552627, "Data.Set.Internal.toList": 9.880924095552627, "Data.ByteString.Builder.word16LE": 9.880924095552627, "Data.ByteString.packCString": 9.880924095552627}