{"Data.ByteString.concat": 9.457383432021267, "Data.Text.null": 9.457383432021267, "Data.Set.Internal.fromDistinctAscList": 7.5455154509186855, "Data.ByteString.Lazy.unpack": 11.410990303037705, "Data.ByteString.Lazy.append": 11.410990303037705, "Data.ByteString.Char8.replicate": 10.149432959820055, "Data.ByteString.Char8.lines": 11.410990303037705, "Data.Text.Lazy.length": 11.410990303037705, "Data.Either.Right": 5.518405040321112, "Data.ByteString.Lazy.toChunks": 8.624625227906723, "Data.ByteString.Lazy.pack": 11.410990303037705, "Data.Set.Internal.size": 11.410990303037705, "Data.Maybe.fromJust": 10.149432959820055, "Data.Text.Internal.Builder.fromLazyText": 8.983668226550742, "Data.ByteString.index": 11.410990303037705, "Data.Text.unlines": 11.410990303037705, "('DUMMY')": 4.996717416010698, "Data.Time.Clock.POSIX.getPOSIXTime": 10.149432959820055, "Data.Bits.unsafeShiftR": 11.410990303037705, "Data.Time.Format.formatTime": 11.410990303037705, "Data.Text.Lazy.splitAt": 11.410990303037705, "Data.Text.Internal.Builder.toLazyText": 8.335978173802136, "Data.ByteString.Lazy.splitAt": 11.410990303037705, "Data.ByteString.Char8.drop": 10.149432959820055, "Data.Time.Calendar.MonthDay.monthAndDayToDayOfYear": 11.410990303037705, "Data.Bool.bool": 11.410990303037705, "Data.Time.Clock.POSIX.getCurrentTime": 8.624625227906723, "Data.Text.Encoding.encodeUtf8": 10.149432959820055, "Data.Maybe.listToMaybe": 9.457383432021267, "Data.Text.Lazy.pack": 11.410990303037705, "Data.Text.Internal.Text": 1.1913800088438766, "Data.ByteString.Lazy.replicate": 11.410990303037705, "Data.Text.Lazy.Encoding.decodeUtf8": 11.410990303037705, "Data.ByteString.Lazy.take": 11.410990303037705, "Data.ByteString.Lazy.length": 8.335978173802136, "Data.ByteString.empty": 8.624625227906723, "Data.Text.Lazy.strip": 11.410990303037705, "Data.ByteString.Char8.split": 10.149432959820055, "Data.Text.Encoding.decodeUtf8'": 11.410990303037705, "Data.ByteString.Char8.pack": 6.660020904803976, "Data.ByteString.length": 7.400466747875513, "Data.Tree.Node": 8.335978173802136, "Data.ByteString.split": 8.335978173802136, "Data.ByteString.unpack": 9.457383432021267, "Data.ByteString.Builder.toLazyByteString": 11.410990303037705, "Data.Maybe.catMaybes": 10.149432959820055, "Data.ByteString.Lazy.Char8.pack": 11.410990303037705, "Data.ByteString.hPut": 11.410990303037705, "Data.Text.isInfixOf": 11.410990303037705, "Cons": 2.1141347447508214, "Data.ByteString.Lazy.Char8.take": 11.410990303037705, "Data.Tree.drawTree": 11.410990303037705, "Data.Either.Left": 5.375425649306488, "Data.ByteString.null": 11.410990303037705, "Data.Text.Lazy.unpack": 11.410990303037705, "Data.ByteString.append": 10.149432959820055, "Data.IntMap.Strict.intersection": 11.410990303037705, "Data.ByteString.packCString": 11.410990303037705, "Data.Text.Lazy.tail": 11.410990303037705, "Data.ByteString.Char8.elem": 11.410990303037705, "Data.Bits.setBit": 8.624625227906723, "Data.Bits.shiftR": 6.660020904803976, "Data.ByteString.elem": 10.149432959820055, "Data.ByteString.Char8.unpack": 8.624625227906723, "Data.Bits.shiftL": 9.457383432021267, "Data.Text.Read.decimal": 9.457383432021267, "Data.Bits.shift": 6.172591436283142, "Data.Time.Clock.POSIX.posixSecondsToUTCTime": 10.149432959820055, "Data.ByteString.Char8.singleton": 10.149432959820055, "Data.Text.Lazy.head": 11.410990303037705, "Data.ByteString.reverse": 8.624625227906723, "Data.Text.Lazy.Builder.Int.decimal": 11.410990303037705, "Data.ByteString.elemIndex": 11.410990303037705, "Data.ByteString.Lazy.Char8.replicate": 11.410990303037705, "Data.ByteString.Lazy.split": 11.410990303037705, "Pair": 3.7765821325938056, "Data.ByteString.writeFile": 11.410990303037705, "Data.Text.Lazy.toStrict": 10.149432959820055, "Data.Bits.complement": 10.149432959820055, "Data.Time.Calendar.OrdinalDate.isLeapYear": 10.149432959820055, "Data.ByteString.Char8.cons": 9.457383432021267, "Data.ByteString.Lazy.isPrefixOf": 11.410990303037705, "Data.Set.Internal.intersection": 11.410990303037705, "Data.Text.head": 11.410990303037705, "Data.ByteString.Lazy.toStrict": 10.149432959820055, "Data.Set.Internal.fromList": 7.706656198030798, "Data.Text.toLower": 10.149432959820055, "Data.Text.pack": 7.706656198030798, "Data.Set.Internal.findMax": 11.410990303037705, "Data.Set.Internal.member": 10.149432959820055, "Data.ByteString.splitAt": 8.983668226550742, "Data.Bits.testBit": 9.457383432021267, "Data.ByteString.readFile": 10.149432959820055, "Data.ByteString.Lazy.null": 11.410990303037705, "Data.Set.Internal.empty": 10.149432959820055, "Data.ByteString.drop": 7.706656198030798, "Data.Text.Lazy.lines": 11.410990303037705, "Data.Text.isPrefixOf": 11.410990303037705, "Nil": 5.184446822386833, "Data.Tree.drawForest": 11.410990303037705, "Data.ByteString.Lazy.Char8.drop": 11.410990303037705, "Data.ByteString.Lazy.isSuffixOf": 11.410990303037705, "Data.Set.Internal.singleton": 10.149432959820055, "Data.ByteString.pack": 10.149432959820055, "Data.Text.Internal.Builder.singleton": 10.149432959820055, "Data.ByteString.Lazy.fromChunks": 8.983668226550742, "Data.Bits.finiteBitSize": 11.410990303037705, "Data.Set.Internal.insert": 11.410990303037705, "Data.Maybe.fromMaybe": 9.457383432021267, "Data.Text.Internal.empty": 11.410990303037705, "Data.ByteString.take": 7.887875616602407, "Data.Time.Clock.POSIX.utcTimeToPOSIXSeconds": 10.149432959820055, "Data.ByteString.Lazy.hPut": 10.149432959820055, "Data.Text.Lazy.stripStart": 11.410990303037705, "Data.Text.lines": 11.410990303037705, "Data.ByteString.Lazy.drop": 11.410990303037705, "Data.ByteString.Lazy.tail": 11.410990303037705, "Data.Set.Internal.toList": 10.149432959820055, "Data.Text.Encoding.decodeUtf8": 9.457383432021267}